1,1
2,2
4,4
6,6
7,7
8,8
11,11
12,12
13,13
14,14
15,15
16,16
17,17
18,18
19L,191
20,20
21,21
22,22
24,24
26,26
27,27
28X,281
29,29
31,31
36,36
38,38
39,39
40,40
41,41
43,43
44,44
48,48
51,51
51L,511
52L,521
53,53
53L,531
54,54
55,55
56,56
57,57
58,58
59,59
60,60
61A,611
61B,612
61C,613
61D,614
64,64
65,65
67,67
68,68
69,69
71,71
71A,711
71B,712
71C,713
71D,714
74,74
75,75
77,77
78,78
79,79
81,81
82,82
83,83
86,86
87,87
88,88
89,89
91,91
93,93
G2,900
G3,903
G31,931
O1,801
O5,805
O12,812
P1,444
P2,555
P3,666
P7,907
P10,910
P12,912
P13,913
P16,716
P17,717
P67,767
P68,768
P69,769
P71,771
P76,776
P78,978
